Trend Title,Trend Link,Description
#عايض_بالصياهد,/trend/%23%D8%B9%D8%A7%D9%8A%D8%B6_%D8%A8%D8%A7%D9%84%D8%B5%D9%8A%D8%A7%D9%87%D8%AF/,Under 10K tweets
#٣٤_عقد_زواج_تطبيق_استقرار,/trend/%23%D9%A3%D9%A4_%D8%B9%D9%82%D8%AF_%D8%B2%D9%88%D8%A7%D8%AC_%D8%AA%D8%B7%D8%A8%D9%8A%D9%82_%D8%A7%D8%B3%D8%AA%D9%82%D8%B1%D8%A7%D8%B1/,Under 10K tweets
#سهالات_يانوره,/trend/%23%D8%B3%D9%87%D8%A7%D9%84%D8%A7%D8%AA_%D9%8A%D8%A7%D9%86%D9%88%D8%B1%D9%87/,Under 10K tweets
#بندر_ينخاكم,/trend/%23%D8%A8%D9%86%D8%AF%D8%B1_%D9%8A%D9%86%D8%AE%D8%A7%D9%83%D9%85/,Under 10K tweets
アナ雪2,/trend/%E3%82%A2%E3%83%8A%E9%9B%AA2/,15.2K tweets
#ライオンの隠れ家,/trend/%23%E3%83%A9%E3%82%A4%E3%82%AA%E3%83%B3%E3%81%AE%E9%9A%A0%E3%82%8C%E5%AE%B6/,22.0K tweets
$PONCH,/trend/$PONCH/,Under 10K tweets
ゼンゼロ,/trend/%E3%82%BC%E3%83%B3%E3%82%BC%E3%83%AD/,74.0K tweets
ヒートショック,/trend/%E3%83%92%E3%83%BC%E3%83%88%E3%82%B7%E3%83%A7%E3%83%83%E3%82%AF/,59.8K tweets
クリストフ,/trend/%E3%82%AF%E3%83%AA%E3%82%B9%E3%83%88%E3%83%95/,Under 10K tweets
今江くん,/trend/%E4%BB%8A%E6%B1%9F%E3%81%8F%E3%82%93/,Under 10K tweets
中山美穂さん,/trend/%E4%B8%AD%E5%B1%B1%E7%BE%8E%E7%A9%82%E3%81%95%E3%82%93/,218.0K tweets
ライデル,/trend/%E3%83%A9%E3%82%A4%E3%83%87%E3%83%AB/,Under 10K tweets
ミポリン,/trend/%E3%83%9F%E3%83%9D%E3%83%AA%E3%83%B3/,53.6K tweets
悠真配布,/trend/%E6%82%A0%E7%9C%9F%E9%85%8D%E5%B8%83/,Under 10K tweets
山野ホール,/trend/%E5%B1%B1%E9%87%8E%E3%83%9B%E3%83%BC%E3%83%AB/,Under 10K tweets
世界中の誰,/trend/%E4%B8%96%E7%95%8C%E4%B8%AD%E3%81%AE%E8%AA%B0/,20.1K tweets
あゆみん卒業,/trend/%E3%81%82%E3%82%86%E3%81%BF%E3%82%93%E5%8D%92%E6%A5%AD/,Under 10K tweets
メダリスト,/trend/%E3%83%A1%E3%83%80%E3%83%AA%E3%82%B9%E3%83%88/,47.4K tweets
リスキーダイス,/trend/%E3%83%AA%E3%82%B9%E3%82%AD%E3%83%BC%E3%83%80%E3%82%A4%E3%82%B9/,Under 10K tweets
原ちゃん,/trend/%E5%8E%9F%E3%81%A1%E3%82%83%E3%82%93/,Under 10K tweets
はるまさ配布,/trend/%E3%81%AF%E3%82%8B%E3%81%BE%E3%81%95%E9%85%8D%E5%B8%83/,Under 10K tweets
寺西くん,/trend/%E5%AF%BA%E8%A5%BF%E3%81%8F%E3%82%93/,Under 10K tweets
CHARLOTTE SOLO STAGE TALK,/trend/CHARLOTTE%20SOLO%20STAGE%20TALK/,302.8K tweets
アナ雪見,/trend/%E3%82%A2%E3%83%8A%E9%9B%AA%E8%A6%8B/,Under 10K tweets
Constitución,/trend/Constituci%C3%B3n/,86.6K tweets
雇用統計,/trend/%E9%9B%87%E7%94%A8%E7%B5%B1%E8%A8%88/,22.8K tweets
トロッコ,/trend/%E3%83%88%E3%83%AD%E3%83%83%E3%82%B3/,Under 10K tweets
PURRFECT NIGHT WITH JUSTIN,/trend/PURRFECT%20NIGHT%20WITH%20JUSTIN/,14.4K tweets
ドクターX,/trend/%E3%83%89%E3%82%AF%E3%82%BF%E3%83%BCX/,15.6K tweets
ライマル,/trend/%E3%83%A9%E3%82%A4%E3%83%9E%E3%83%AB/,Under 10K tweets
ハルマサ配布,/trend/%E3%83%8F%E3%83%AB%E3%83%9E%E3%82%B5%E9%85%8D%E5%B8%83/,Under 10K tweets
チームキンプリ,/trend/%E3%83%81%E3%83%BC%E3%83%A0%E3%82%AD%E3%83%B3%E3%83%97%E3%83%AA/,Under 10K tweets
Complete Guru Sant Rampal Ji,/trend/Complete%20Guru%20Sant%20Rampal%20Ji/,34.7K tweets
ARTIST FOURTH ON STAGE,/trend/ARTIST%20FOURTH%20ON%20STAGE/,207.9K tweets
ばぁうくん,/trend/%E3%81%B0%E3%81%81%E3%81%86%E3%81%8F%E3%82%93/,12.1K tweets
ファミマコラボ,/trend/%E3%83%95%E3%82%A1%E3%83%9F%E3%83%9E%E3%82%B3%E3%83%A9%E3%83%9C/,Under 10K tweets
DAOU OFFROAD x Spotify 2024,/trend/DAOU%20OFFROAD%20x%20Spotify%202024/,72.6K tweets
うるおいさん,/trend/%E3%81%86%E3%82%8B%E3%81%8A%E3%81%84%E3%81%95%E3%82%93/,Under 10K tweets
大勢先発,/trend/%E5%A4%A7%E5%8B%A2%E5%85%88%E7%99%BA/,Under 10K tweets
SixTONES YOUNG OLD,/trend/SixTONES%20YOUNG%20OLD/,16.4K tweets
エーステ,/trend/%E3%82%A8%E3%83%BC%E3%82%B9%E3%83%86/,Under 10K tweets
ポチャクズ,/trend/%E3%83%9D%E3%83%81%E3%83%A3%E3%82%AF%E3%82%BA/,Under 10K tweets
米津玄師,/trend/%E7%B1%B3%E6%B4%A5%E7%8E%84%E5%B8%AB/,70.5K tweets
Mercosur,/trend/Mercosur/,51.8K tweets
محمد,/trend/%D9%85%D8%AD%D9%85%D8%AF/,369.0K tweets
ユニバさん,/trend/%E3%83%A6%E3%83%8B%E3%83%90%E3%81%95%E3%82%93/,Under 10K tweets
街のどこか,/trend/%E8%A1%97%E3%81%AE%E3%81%A9%E3%81%93%E3%81%8B/,Under 10K tweets
西山くん,/trend/%E8%A5%BF%E5%B1%B1%E3%81%8F%E3%82%93/,Under 10K tweets
GEMINI LIVE X WRAPPED TH 24,/trend/GEMINI%20LIVE%20X%20WRAPPED%20TH%2024/,131.1K tweets
