Thứ hạng,Xu hướng,Lượng tìm kiếm
1,bournemouth đấu với tottenham,20K+
2,valorant flashback,5K+
3,phó đức nam,5K+
4,vinbrain,10K+
5,xổ số miền nam ngày 6 tháng 12,50K+
6,vinfuture,1K+
7,marvel rivals,2K+
8,diễn viên hoàng yến,2K+
9,negav,2K+
10,khi dien thoai do chuong tap 5,2K+
11,evan mock,2K+
12,công tử bạc liêu,1K+
13,imagine dragons,1K+
14,fulham đấu với brighton,20K+
15,xuân son,1K+
16,tháng 11,200+
17,marisa tomei,500+
18,trung tướng trần hanh,2K+
19,lazio đấu với napoli,5K+
20,moreirense đấu với sporting,2K+
21,vụ nổ ở quân khu 7,1K+
22,samsung one ui 7 beta,500+
23,brisbane đấu với melbourne city,1K+
24,rose,1K+
25,kết quả xổ số miền bắc 30 ngày,5K+
