ranking,hashtag,views
1,Browns,38.8K tweets
2,Steelers,95.3K tweets
3,夫婦の日,161.5K tweets
4,Jameis,166.2K tweets
5,Tomlin,113.4K tweets
6,Chivas,24.4K tweets
7,Cleveland,78.8K tweets
8,アトラクター,205.9K tweets
9,Pickens,46.8K tweets
10,Xolos,20.1K tweets
11,ジャンフェス,39.6K tweets
12,America,30.2K tweets
13,Pam Bondi,Under 10K tweets
14,Zendejas,15.4K tweets
15,Atlas,Under 10K tweets
16,金謙禁止,11.6K tweets
17,트레이드,796.1K tweets
18,シラユキ,234.9K tweets
19,ムロムカイ,Under 10K tweets
20,ワンニャン時空伝,51.9K tweets
21,River,Under 10K tweets
22,銀河超特急,Under 10K tweets
23,Russ,Under 10K tweets
24,ブラックフライデー,Under 10K tweets
25,VOTE ENHYPEN ON MAMA,Under 10K tweets
26,雲の王国,111.2K tweets
27,あと半日,Under 10K tweets
28,Villa,36.6K tweets
29,Myles Garrett,141.5K tweets
30,Hayırlı Cumalar,82.2K tweets
31,Fields,Under 10K tweets
32,kohli,Under 10K tweets
33,Toluca,51.1K tweets
34,Oasis,Under 10K tweets
35,小竜くん,19.4K tweets
36,Arctic Tundra,52.5K tweets
37,AFC North,49.7K tweets
38,パンダドラゴン,Under 10K tweets
39,Fidalgo,49.1K tweets
40,JARLETTE BIDAMALL SABATAAN,Under 10K tweets
41,八奈見さん,Under 10K tweets
42,Gallardo,Under 10K tweets
43,連帯保証人,Under 10K tweets
44,KAIRAIN VISTA MALLSHOW,Under 10K tweets
45,Nick Chubb,111.8K tweets
